0,-1,0,0,0,0
0.0,-1.0,0.0,0.0,0.0,0.0
0.0003225863832694914,-0.9985227078304634,-0.0017046710578884714,0.0002914003633646097,0.00017429416672216965,-6.402147501272501e-05
0.000966765736979072,-0.9955683459589361,-0.005113543326663295,0.0008738801755944341,0.0005223608143705977,-0.0001920382016379475
0.0019295886808267503,-0.9911319223418092,-0.010237799074391853,0.0017533369459871908,0.0010426674606379268,-0.0003839455406144851
0.0032061522946046023,-0.9852033009942537,-0.017100046260538838,0.002941727185933417,0.0017326707328875293,-0.0006395519824070915
0.004789600103114475,-0.9777673095551346,-0.02573396231544489,0.0044568096720320055,0.002588813719038087,-0.0009585619766379777
0.006671120114598833,-0.9688038908245706,-0.036183786220414564,0.0063217765822792425,0.003606521045217417,-0.001340550271077907
0.008839941531411268,-0.958288309227604,-0.048503624471392864,0.008564749208415566,0.0047801920341343,-0.0017849280917611086
0.011283330980817617,-0.946191427022121,-0.06275652426369321,0.011218106672335096,0.006103192430112075,-0.0022909016585506052
0.013986589501170784,-0.9324800686449319,-0.07901325574124882,0.014317608335157016,0.007567845397939895,-0.002857423773495021
0.016933052120395295,-0.9171174945101844,-0.09735073543254837,0.01790126406035525,0.009165422845189716,-0.003483139567576618
0.0201040927331496,-0.9000640072216477,-0.11785001678575406,0.022007902318418697,0.010886138612562282,-0.004166327969145396
0.023479138155344182,-0.8812777126156557,-0.14059377362545722,0.02667538600083358,0.012719145745965119,-0.004904841082344729
0.027035696700557197,-0.8607154540837526,-0.16566321190018563,0.031938432027848844,0.014652540905392804,-0.005696044438034488
0.030749408290591855,-0.8383339297720219,-0.19313436848958224,0.037826006109579174,0.01667337993227433,-0.006536761974437439
0.034594124761466005,-0.8140909870661769,-0.2230737973594767,0.04435829109104236,0.018767709570413953,-0.007423230542165076
0.0385420302639153,-0.7879470662740351,-0.25553370602392117,0.051543268101432824,0.02092062110091457,-0.008351069562607756
0.04256381190281601,-0.7598667358365147,-0.2905466888916043,0.059373004059737486,0.023116331885462034,-0.009315271975339792
0.04662888928959464,-0.7298202270503945,-0.3281203027102376,0.0678198031017008,0.02533830010703767,-0.010310222496738734
0.050705707779957976,-0.6977848423450989,-0.3682318291191569,0.07683244425745478,0.027569375939721887,-0.011329748166324798
0.05476209339885724,-0.6637460857909409,-0.4108236479910835,0.0863327789478842,0.029791988701411587,-0.012367203942877058
0.058765658009267516,-0.6276983577766079,-0.4557996749964146,0.09621298187597485,0.031988364319285895,-0.013415592700579656
0.06268423229078995,-0.589645076877014,-0.5030232717661011,0.10633372130534513,0.034140761261592434,-0.014467714672575432
0.06648629367620584,-0.5495981452419778,-0.5523169040403834,0.11652343146543812,0.03623170711596964,-0.015516336885464103
0.07014134926956862,-0.5075767553109992,-0.6034636122349843,0.12657873764055505,0.03824421374019526,-0.01655436939541934
0.07362023242773334,-0.4636056315775899,-0.6562101067174312,0.1362659272236098,0.04016194779786457,-0.017575033156826337
0.07689527738208046,-0.4177128910261001,-0.710271062858867,0.14532321368606793,0.04196933628399851,-0.018572004759026175
0.07994034834627967,-0.3699277692060553,-0.7653340260761834,0.15346344179295623,0.043651593055252666,-0.019539526052180994
0.08273071549668115,-0.320278482659474,-0.8210642825968772,0.16037685570652363,0.04519466107957304,-0.020472471164635447
0.08524278656198436,-0.26879048171415654,-0.8771091127822294,0.1657336001939879,0.046585074213832345,-0.021366368463046553
0.08745371636625195,-0.21548530121310114,-0.9331009938311203,0.16918573201404094,0.04780975003742747,-0.022217379457936212
0.08934092573081467,-0.1603801576576218,-0.9886595123807842,0.17036865499535025,0.048855730564719486,-0.023022239684156575
0.09088156557765686,-0.10348838620726968,-1.0433919392175373,0.16890202919325475,0.04970989042721773,-0.02377816788252219
0.09205196323097034,-0.04482077121803525,-1.0968925754570118,0.16439032073300308,0.05035863305462103,-0.02448274955268938
0.09282708786477596,0.015612196665559741,-1.1487410877664157,0.15642324444051237,0.0507875956223161,-0.02513379961979526
0.09318007291994146,0.07779710807872084,-1.1985001105681787,0.1445764050973045,0.0509813842524452,-0.025729207145855238
0.09308183680326625,0.14171343304401865,-1.2457124157025858,0.12841246879921447,0.05092336311287771,-0.026266763279986387
0.0925008502740214,0.2073282894138933,-1.2898979471062582,0.10748319748777621,0.050595525230967844,-0.026743972461253034
0.09140310974566813,0.2745901438195954,-1.330550999907457,0.08133265878607696,0.04997847912487715,-0.02715784668736757
0.08975238932036099,0.34342142693951266,-1.367137796012482,0.04950187767740408,0.04905159323680596,-0.027504683845826362
0.08751085826451853,0.413710089865214,-1.3990946735566034,0.011535120812189319,0.04779334825081999,-0.027779834076012557
0.08464016020455384,0.48530020565233645,-1.4258270639851458,-0.03301210935935915,0.04618195307241001,-0.027977463257760522
0.0811030480374138,0.5579818351838317,-1.4467093743441486,-0.08456345308684857,0.04419627922623686,-0.028090330209113293
0.0768656435060299,0.631480531774726,-1.4610858185502698,-0.14351073978754833,0.041817154411363355,-0.028109603857448852
0.07190032905826432,0.7054470518726037,-1.4682721433015486,-0.21020226853112975,0.039029021093619755,-0.0280247577291682
0.06618916925922387,0.7794480579165113,-1.4675580619283344,-0.28493121757842915,0.035821902843857424,-0.02782358995911305
0.059727595496763326,0.8529588165085481,-1.4582100269173683,-0.36792545860280246,0.03219352701978149,-0.027492425205519193
0.05252788800607079,0.9253590593681608,-1.439473715257868,-0.4593404634683316,0.028151336833148227,-0.027016557450275768
0.04462180539664533,0.9959332047933169,-1.4105752416834016,-0.559257391442225,0.023714018565103558,-0.026380986955419707
0.03606163580678853,1.0638759267713123,-1.3707196345058996,-0.6676887518213284,0.018912123559159704,-0.025571488981234142
0.026919087290856437,1.1283035049525414,-1.319084528090619,-0.7845941278918395,0.013787444237524323,-0.024576026667675888
0.017281875690614314,1.1882704592995956,-1.254806451350323,-0.9099081711815765,0.008391053895649021,-0.02338649008890102
0.00724857933783047,1.2427898038694742,-1.176956773490152,-1.0435822830942536,0.0027803261687028707,-0.022000720196540573
-0.0030768550096534116,1.2908542524167221,-1.0845048059244593,-1.1856399521554626,-0.002984285003737013,-0.020424786899677888
-0.013588915181735273,1.3314556654851162,-0.9762678050585362,-1.336243285962921,-0.00884155446471109,-0.018675582846978605
-0.024180399674176567,1.3636023780207298,-0.8508542406934947,-1.4957636673142292,-0.014729633333023876,-0.01678404286509962
-0.034736940792615564,1.386341742688523,-0.7066245061937473,-1.6648387346697968,-0.02058325891763984,-0.014799813610628992
-0.04512861804804394,1.3988152692363547,-0.5417401931565005,-1.8443700139258377,-0.026329424138370562,-0.012799148754095237
-0.055215919384047726,1.4004224532291663,-0.3544916918100083,-2.0353443700652374,-0.03189107057236245,-0.010899393215217159
-0.06493744960860276,1.3912736033067112,-0.14435349449447088,-2.238207026523662,-0.03723575325975289,-0.00928522912250214
-0.0746727796952554,1.3732399871055117,0.08546552715239994,-2.4513328099014453,-0.042574549086339675,-0.008248887226249762
-0.08613279901814387,1.3515734091264016,0.32406574137016875,-2.668700323409221,-0.04884715374244701,-0.0082167985140161
-0.10296369330629754,1.3349765542952778,0.552720121165819,-2.879970488759726,-0.05804835729673791,-0.009657489375313744
-0.1282524162892167,1.3309776540698182,0.7558174572846611,-3.077020715676423,-0.07187323109907033,-0.01283405139943157
-0.16109114159179452,1.3418341754490628,0.9297526136070211,-3.258697689679265,-0.08985687323949482,-0.017735094347838085
-0.19810283960402725,1.3665655020040477,1.077569512652417,-3.4272872928404756,-0.11019437387716266,-0.024221381585128855
-0.2362973433894153,1.4036372614581796,1.2028774503093473,-3.5850390137540336,-0.13127881972056302,-0.03208817921154742
-0.27389370745389224,1.4517333076488212,1.3082469689247336,-3.7333413765358254,-0.15214742428009545,-0.04109689778799795
-0.31000721596605424,1.5097212298061429,1.3953147854286505,-3.872808381756797,-0.17231622980105318,-0.05100855257431526
-0.3442059201685672,1.5765089157806267,1.4651161851966994,-4.0034786056234655,-0.1915420767393601,-0.061596319766955156
-0.3762288630196286,1.6509544691089777,1.5183432458877375,-4.1249882239900115,-0.20967005063873767,-0.07264270312041574
-0.4058608786153331,1.7318387480473676,1.555521256386339,-4.236721116008903,-0.22656521776154656,-0.08393553077287069
-0.4329064043848918,1.817885823248865,1.5771268608153493,-4.337946269645532,-0.24209875743987425,-0.09527063009692585
-0.4572125377696272,1.9078148334858769,1.5836616606785383,-4.427941137663223,-0.2561620826359051,-0.10646185961606987
-0.47870379376897554,2.0004057581590273,1.5756886017507292,-4.506092143902972,-0.2686883424629028,-0.11735432554963321
-0.4974036438431084,2.0945622723113266,1.553838210518185,-4.571963504409756,-0.27966694558050875,-0.12783488699525103
-0.5134328798434444,2.1893592454022297,1.5187934224659545,-4.625330904943134,-0.2891447860273184,-0.1378357233255146
-0.526988335700414,2.2840693842411106,1.4712619884499603,-4.666183097030091,-0.29721559503775735,-0.14733033644521168
-0.5383123673347254,2.378169888817056,1.41194365320074,-4.694698720474752,-0.30400312627532977,-0.15632440513266743
-0.547663076754878,2.4713336910443524,1.3414967843906045,-4.711206903708659,-0.30964400057879404,-0.16484492449995833
-0.5552910476216807,2.563410840898829,1.2605072249551692,-4.716139562207787,-0.31427379327131594,-0.17293033558115206
-0.5614240813837645,2.654404930916022,1.1694612741283905,-4.709982069750705,-0.3180174929445457,-0.18062299396189144
-0.5662588139024891,2.744448034746857,1.0687247500300303,-4.69322780039603,-0.3209838771977438,-0.1879642031215887
-0.5699571356517888,2.833775866523346,0.9585310699183839,-4.666341319231554,-0.32326270576162647,-0.19499143249432557
-0.5726453793473092,2.922702681142124,0.8389837813357485,-4.629735281804492,-0.3249235839149723,-0.20173717169163605
-0.5744147058355407,3.0115924449466607,0.7100842494891959,-4.5837683012346515,-0.3260155772503106,-0.20822896474957311
-0.5753217444232297,3.100818397809995,0.5718050306009516,-4.528776360188334,-0.32656700711323533,-0.2144903853521808
-0.5753893623140205,3.190696981659523,0.4242446602111485,-4.465159345949151,-0.326585350697293,-0.22054297240473897
-0.5746087345054107,3.28137657998037,0.26791356567947644,-4.393552889658864,-0.32605799961568327,-0.22640933711831612
-0.5729459217592359,3.3726685290716216,0.10418094022976962,-4.315103568974934,-0.32495598049953733,-0.2321174596686026
-0.5703579305982036,3.46385794844314,-0.06422406412329293,-4.2317809079508315,-0.3232439772559965,-0.2377049024709756
-0.5668199210683106,3.553648127287263,-0.23307783491491796,-4.146463319707298,-0.3208979578167372,-0.24321894886077872
-0.5623510336963023,3.640456456589344,-0.39748497414522904,-4.062427042844042,-0.31792239944366957,-0.24870785691262742
-0.5570142673722032,3.723005847710337,-0.5534973022911679,-3.982333398126285,-0.314350815882692,-0.25420615853944845
-0.5508865899452423,3.800731241654901,-0.6992162985801464,-3.907532960824966,-0.3102264959377105,-0.2597266730427779
-0.5440276441247954,3.8737114852151664,-0.8345933998445779,-3.838184220968989,-0.30558179476682806,-0.26526496014632767
-0.5364672355939037,3.9423691343466394,-0.960594220907329,-3.7737765246909016,-0.3004294970679323,-0.27080851359856767
-0.5282069248416111,4.007227484230561,-1.0785185837933544,-3.7135609561045064,-0.29476346562589567,-0.27634338982754303
-0.5192256031552175,4.068789046291939,-1.1896537896331396,-3.6567742269893,-0.2885620000032457,-0.281857287734845
-0.5094842333674371,4.127493177961982,-1.2951468179631298,-3.6027247615958746,-0.2817907084443658,-0.28734056503100663
-0.4989287956572697,4.18370999781771,-1.3959783775752481,-3.5508136600279347,-0.27440422306866125,-0.29278642570965485
-0.4874917262064285,4.2377475271255545,-1.4929752334722848,-3.5005305114111023,-0.26634692112421277,-0.2981908987472147
-0.47509229290494864,4.289862199541438,-1.586833169102872,-3.4514417153447123,-0.25755292836752713,-0.303552867289774
-0.4616362504181152,4.340269140642281,-1.6781401026537137,-3.4031782077293506,-0.24794561986815603,-0.3088742527153031
-0.4470150122134172,4.389151204948487,-1.767396023901374,-3.3554249561435134,-0.23743676880203662,-0.3141604044837817
-0.43110452191430715,4.4366667331265806,-1.8550291364099374,-3.3079128447431803,-0.22592546164090618,-0.3194207362885403
-0.41376400609303865,4.4829563177203315,-1.9414085004263804,-3.2604129747036703,-0.21329690422530886,-0.32466965606539394
-0.39483485031113474,4.528148942703964,-2.026853684948034,-3.212733261701667,-0.1994212933707204,-0.3299278509483627
-0.37413997690681294,4.572367843003337,-2.111641902768745,-3.1647172217443864,-0.18415303800519978,-0.3352240018978022
-0.35148435061829003,4.6157363587698415,-2.196012998835521,-3.1162448659881483,-0.16733081084019302,-0.3405970086615434
-0.3266576493535872,4.658383924888516,-2.280172564920322,-3.0672355884589657,-0.14877924035652085,-0.34609878907854424
-0.2994407770960678,4.7004520913912,-2.364293405302358,-3.0176527377121762,-0.12831356905334101,-0.35179764754327225
-0.2696188052049314,4.742100039477729,-2.448515623550975,-2.967509094868497,-0.1057493479333037,-0.3577820289388444
-0.23700401311888813,4.783508364688946,-2.532945802029566,-2.916871598727157,-0.0809201479136445,-0.36416409054232357
-0.20147346317064782,4.824878960540351,-2.617656177479801,-2.865862307364507,-0.05370697120273521,-0.37108180603002405
-0.1630246119309382,4.866427986366621,-2.7026854045590336,-2.814651069034653,-0.02408246246215749,-0.37869718280580733
-0.12184716272981402,4.908369134215975,-2.7880432566771365,-2.7634348588844184,0.007830995941736679,-0.38718687102959015
-0.07839665636108908,4.950887434786672,-2.8737217627082847,-2.7124015741399163,0.041700228524854804,-0.3967210744344243
-0.033436479420070706,4.994110760133962,-2.959713583905767,-2.661684539415697,0.07694345268358574,-0.4074295303019384
0.011996247953133789,5.038093987863757,-3.0460341033035916,-2.611325823528761,0.11275184366037794,-0.4193613442880361
0.05672465820974977,5.0828305344980045,-3.1327387768663852,-2.5612708791905905,0.14819145940023398,-0.43245557947629887
0.09963174250954807,5.128291071594517,-3.2199273010570852,-2.511402272498727,0.1823607669796873,-0.44654119908629514
0.13984084896196614,5.174469580075423,-3.30773408814083,-2.461593367403521,0.21453723821532067,-0.46137058925135394
0.1768045275292637,5.2214125237137585,-3.3963140334696917,-2.4117496217113037,0.24425367084435673,-0.4766705771311058
0.21029204144020353,5.2692215082714595,-3.485834095296188,-2.3618181543587484,0.2712938578681358,-0.49218785991617575
0.24031617935216437,5.318036767983311,-3.5764746960629434,-2.3117691399082534,0.29563819393716917,-0.5077155503902167
0.26704645792450316,5.368014990429116,-3.668438160909652,-2.2615650760019173,0.31739642509880994,-0.5231009541048999
0.29073635535974296,5.419311598214241,-3.761959250981804,-2.211132658584051,0.33675010428192864,-0.5382413876649803
0.3116724712052661,5.47207154435855,-3.857314397696448,-2.160344528911405,0.3539117139297595,-0.5530748715054948
0.3301430535724707,5.52642825758415,-3.954828716906516,-2.1090113957721206,0.36909889534128737,-0.567570012775421
0.34642038042990375,5.58250845947017,-4.054881632514385,-2.056881427500593,0.38251965231859636,-0.5817170765043055
0.3607519935383303,5.640440443375802,-4.157912695595686,-2.003642924638502,0.39436465924410496,-0.5955208511635106
0.3733571831369671,5.7003641083869345,-4.264429307962382,-1.9489268559438961,0.4048038416328151,-0.6089952605365329
0.38442637309320166,5.762441930449393,-4.375017976381702,-1.8923068087565156,0.413985358087738,-0.6221594315046759
0.39412192909271493,5.8268708272676975,-4.49036072207422,-1.8332946862725867,0.4220357914253718,-0.6350348735205436
0.4025794536413377,5.893895470900855,-4.611258490148161,-1.7713308745868155,0.4290607792284074,-0.6476434423279752
0.40990893347381735,5.963824069608347,-4.738663887874026,-1.7057676064741023,0.4351455475411921,-0.6600057908744389
0.41619523328197994,6.037048037683695,-4.873726281780159,-1.635843978870445,0.44035490417035433,-0.6721400236959281
0.4214974110997559,6.114067276803969,-5.017852943516974,-1.5606507869062147,0.44473221684633735,-0.6840602420109875
0.4258461521441507,6.195522718198613,-5.172789626854126,-1.479083689516811,0.44829672930827635,-0.6957745590419776
0.4292382275523152,6.282236243741359,-5.340719657904158,-1.3897862319476246,0.4510382033132702,-0.707281911388021
0.4316262191419468,6.375251663394702,-5.524362904849764,-1.2910960220316745,0.4529072524468222,-0.7185664677338034
0.4329009323580271,6.475848697652722,-5.72699672834872,-1.1810458823329228,0.4537989516510887,-0.7295874623638474
0.43286421527781116,6.585436545052597,-5.952143550712942,-1.057585562432498,0.4535274939621297,-0.7402609373088709
0.4311973948077789,6.705068112617882,-6.2022217891545806,-0.9194729185326308,0.45179634309632416,-0.7504305115455504
0.4274637645678333,6.834082514409517,-6.474828508939056,-0.7686680810023119,0.4481985744131824,-0.7598393796522817
0.4212481203062771,6.967980231272363,-6.75694986512369,-0.6139807860621661,0.4423422089598216,-0.7681728917642141
0.41243179966520355,7.099015447098837,-7.0265422298879265,-0.46990274536976495,0.434103631211772,-0.7752659031771161
0.40115478133290383,7.222244639117907,-7.2688515835059295,-0.3461522046760861,0.4236006641431495,-0.781256265079244
0.3874151132220756,7.337947368942785,-7.482954290691346,-0.24369259785193947,0.41082790606746833,-0.7863913642592163
0.3709154550260674,7.448414526972049,-7.673162330277097,-0.16030128958598172,0.39551141476150364,-0.7908432782033403
0.3511041940995144,7.555941565365853,-7.843635869197639,-0.09397944511843451,0.37714323476876466,-0.7946993385381391
0.32721110651198915,7.662443686050984,-7.997326237145618,-0.04360267664263006,0.35501288659154234,-0.7979986703664774
0.2982792649939518,7.769502507540665,-8.13609255543603,-0.008832107355737286,0.328235925619488,-0.8007687976756027
0.2632616860328588,7.878437836056494,-8.260942343828043,0.010066709633059213,0.29584206526057527,-0.8030688588710015
0.2212932104653457,7.990309053911326,-8.372206755857103,0.012406662801452039,0.2570247164893227,-0.8050517143644592
0.17227058958252514,8.105810368440519,-8.46965980062385,-0.0026889681573730867,0.21167522415837173,-0.8070423214784034
0.11771174785999325,8.225065729336729,-8.552659347895238,-0.03593565818030075,0.1611767874473911,-0.8095797450592404
0.0612882185769003,8.34746008211748,-8.62042434388349,-0.08744812172940056,0.10890126770649525,-0.8133015904181318
0.007942146573676576,8.471766317250946,-8.672448857595338,-0.15647459857263915,0.05940328518229376,-0.8186241124515473
-0.03828753062377329,8.596578352624018,-8.708774851276486,-0.24157593050334775,0.016418864265101626,-0.825485813867231
-0.0756865558137832,8.720649795522345,-8.729890920472494,-0.34106194385805927,-0.018451304535903476,-0.8334560650491556
-0.10451510721886964,8.84292136779613,-8.736454952850378,-0.4532798827448546,-0.04542741742393992,-0.8420333741497553
-0.1259638973945449,8.962405554330028,-8.729111111032896,-0.5766691146725778,-0.06559240903266846,-0.8508234107519471
-0.14141126420777247,9.078093177610386,-8.708435812952171,-0.7097132967002879,-0.08020741941061484,-0.8595660150824319
-0.15210888817078427,9.188914872356003,-8.67494728366195,-0.8508845288465616,-0.09042105970116876,-0.8681058321111293
-0.15911151516096994,9.293742748522286,-8.629132509975479,-0.9986099515866668,-0.09720365692478648,-0.8763622648000281
-0.16330099270775583,9.391419544982922,-8.571471593678474,-1.15126949547714,-0.10136877547793237,-0.8843106821922272
-0.16543039703925894,9.48080901084738,-8.502450912020201,-1.3072291546255173,-0.10361346023096128,-0.8919710593827546
-0.1661569452504171,9.560861156069501,-8.422561218127692,-1.4649088168489177,-0.10454812472329537,-0.8993984512070579
-0.16605250897529203,9.630681703385534,-8.332280144024532,-1.6228747561752268,-0.10470561157205278,-0.9066720774225631
-0.16559318275642146,9.689591081543055,-8.232041105402484,-1.7799387846165347,-0.10453074186640084,-0.913882803842905
-0.16513987357646465,9.737158073726953,-8.122191462185981,-1.9352438193552877,-0.10436154003078427,-0.921121004962457
-0.16492655994281444,9.77319801766579,-8.002942133496665,-2.088320906557403,-0.10441773955193925,-0.9284673854160241
-0.1650672414272307,9.797734017938822,-7.874310017944994,-2.2391130159320247,-0.10480691712804344,-0.9359883654733696
-0.1655803668414433,9.810928572501572,-7.736054014814106,-2.387971706594598,-0.10554712971544154,-0.9437360610758782
-0.16642045878265926,9.812998346679084,-7.587604340375564,-2.5356401987165893,-0.10659640521361438,-0.9517518131485238
-0.16750599731020263,9.804124905598922,-7.427983345047197,-2.6832382799176138,-0.10787880431951652,-0.9600720750056888
-0.16873734558116224,9.784371511293742,-7.255717649455283,-2.8322598434241377,-0.10930118655471835,-0.9687360191786857
-0.1700030604933889,9.753616830354321,-7.068755407027301,-2.9845798897061755,-0.11075908421161094,-0.9777950755995634
-0.17117460017759806,9.711531843676585,-6.8644528835230165,-3.1424321063956366,-0.11213164065929838,-0.9873254091864586
-0.17208869783943004,9.657680534408618,-6.639843941513423,-3.3082230829379866,-0.11326483868435532,-0.9974442546219968
-0.17251716900615124,9.591962114604401,-6.392775383278019,-3.4838215492967075,-0.11394264834156394,-1.008326589428485
-0.17213834317368082,9.515800461341472,-6.125004509177601,-3.66865564023169,-0.1138592633091722,-1.0201992229951968
-0.17057690929097358,9.434008455469815,-5.847111049386004,-3.8567597916761476,-0.11265553387450689,-1.0332491060062956
-0.16759984354001506,9.354508885347993,-5.577795982772022,-4.037400703613826,-0.110103801858087,-1.0474284110897323
-0.16327132454450885,9.283208132520329,-5.330505127735645,-4.203366200549545,-0.10625657621315025,-1.0624210918339374
-0.15777838299884275,9.221204639189018,-5.1063937820468475,-4.354948979525306,-0.10128384435522493,-1.0778937159012951
-0.15124228217479913,9.167343037948424,-4.901133339809089,-4.4955465913052,-0.09529440119741889,-1.0936346427859556
-0.14370142321020807,9.12026156932048,-4.710109699078473,-4.6285385120337645,-0.08831884030219597,-1.109525686609629
-0.1351449398381861,9.078918635847229,-4.529631963338977,-4.756650359244965,-0.08034099495651102,-1.1254974745858413
-0.1255426941174889,9.04261087305336,-4.356876940612226,-4.882054186499978,-0.07132640966686726,-1.1415039370582172
-0.11487074782055363,9.010901528496571,-4.189648862648466,-5.006551130484787,-0.061246899540715376,-1.1575089347718528
-0.10313792294918583,8.983549126579025,-4.0261796107652685,-5.131708068512896,-0.05010655154588113,-1.1734782009846247
-0.09041623743642384,8.960441527725175,-3.8649924143063834,-5.2589339838007225,-0.03797185449024699,-1.189373072001974
-0.07687285665849869,8.94152002459423,-3.7048200670896163,-5.3894912986237555,-0.02500363935143491,-1.205144310595499
-0.0627932499126556,8.926670326767084,-3.544571411652987,-5.524425772878946,-0.011480645043149378,-1.2207255708277622
-0.04857568019442769,8.91555566805085,-3.383345765348877,-5.664389632962181,0.002205051977652195,-1.2360277096940508
-0.03467347540138066,8.907386012306773,-3.220490990879882,-5.809353007612435,0.015604384551092886,-1.25093783535281
-0.021478163614598148,8.900684248554846,-3.0556724120105945,-5.958291485176501,0.028326816361887643,-1.265329792800983
-0.009181065082685779,8.89322325411946,-2.888867720627413,-6.109103616140977,0.04017825984496746,-1.279091166760273
0.0023065970379390274,8.882337433560505,-2.720192685088589,-6.259063144439309,0.05124189183870752,-1.2921596688170158
0.013319778393543582,8.8655619064609,-2.549586473760066,-6.405752008167856,0.061846148345456695,-1.3045455077487937
0.024330731856039945,8.84118891322492,-2.3765455753269413,-6.547893025694506,0.0724575322984775,-1.3163209063996542
0.035855743072664044,8.808381628538433,-2.2000455332404383,-6.685574585058493,0.08358803872562673,-1.3275864266512427
0.048424016095814953,8.766907502501137,-2.0185933953426094,-6.819962456378153,0.0957639149355153,-1.3384392630633237
0.06259941883304239,8.716768066362551,-1.8302771620649532,-6.952896518365214,0.10954698642638236,-1.3489566770197101
0.07903523827882183,8.657896935261201,-1.6327315633397999,-7.086626928658279,0.1255890067600311,-1.3591923660167782
0.09855677716431295,8.589945900423356,-1.4229913891169654,-7.223744942927841,0.14471393616196135,-1.3691792061689683
0.12228328499794784,8.51211105037827,-1.1972100966730475,-7.367287113401224,0.16803961605276946,-1.378934048173252
0.15181557684518054,8.422941401757997,-0.9502041437389802,-7.520996531486792,0.1971651490174673,-1.388463444774923
0.18952577005033777,8.320093310235624,-0.6747945778252217,-7.68973172915512,0.23446039270231628,-1.3977724087175911
0.2389458263604757,8.200110100865164,-0.36116863244688047,-7.879873112305491,0.28345435352058024,-1.4068842570027043
0.3048814861988707,8.058935974075885,0.0019711901601331405,-8.098642178484965,0.34894974673396023,-1.415895462741192
0.39092382687675853,7.896565264926387,0.41601285114336617,-8.3471960564695,0.4345389363367848,-1.425113634220229
0.4882855771873196,7.731691203809822,0.8365285714330466,-8.599089271086406,0.5314533116961818,-1.4351506456196441
0.5730137914731609,7.594894787707325,1.1915732311267386,-8.812330888150097,0.6157711696020484,-1.446135388556796
0.6389902716402879,7.486015079206727,1.484391389463453,-8.990326504446807,0.6813765145167183,-1.457395062758607
0.6912960686463199,7.395985552229516,1.7380826849409843,-9.14745671224864,0.7333383309509092,-1.4685707472623808
0.7341924137974305,7.319468076930601,1.9664653066312283,-9.29236731132458,0.7759085027922692,-1.4795701898843028
0.7704374754058819,7.253602872535931,2.1775917303581656,-9.430326616272167,0.8118391509388697,-1.4903888902469926
0.8018421528177058,7.196835892860837,2.376604812943363,-9.56495181770289,0.842937223217718,-1.501051013047375
0.8296696159304763,7.148308505355732,2.567079447871106,-9.69895699522424,0.8704631940010323,-1.5115909784814647
0.8548777350476009,7.107469891537165,2.751644950526356,-9.834395653877452,0.8953729671984026,-1.522046032821608
0.8782653375728621,7.073729461218928,2.932247201960596,-9.972582618882136,0.9184637481330191,-1.532449503201869
0.9005418329001967,7.046093056285034,3.110214981978345,-10.11380958477831,0.9404433134643073,-1.5428204135044032
0.922302905136603,7.022882353656712,3.286271208241426,-10.257096971345733,0.9619053711704608,-1.5531504821904154
0.9439032815259626,7.0017827035100275,3.460660063333323,-10.400390873686021,0.9832021887622716,-1.5633980771819274
0.9653113233583459,6.980344287886214,3.6334696596395526,-10.541392358418882,1.0042995145917217,-1.5735018366628597
0.9861175410352596,6.956616444153102,3.8049894803478064,-10.678530392312837,1.0247858826788916,-1.5834103944375229
1.0057527632465837,6.929429585095977,3.9758757648557745,-10.811381973590464,1.0440914821449643,-1.5931044582860308
1.0237490186248206,6.898254117298642,4.147116651664055,-10.940480221112615,1.0617491119321962,-1.602596167657888
1.0398672034509506,6.862907245643603,4.319939378937497,-11.066926257608515,1.077521376693903,-1.6119144566111079
1.0540812795267276,6.8233128880571785,4.495756964595464,-11.19210039411909,1.0913843152211242,-1.6210909589186988
1.0665011409232839,6.779354610555194,4.6761746817754215,-11.317527427145462,1.1034498946283904,-1.630152212649225
1.0772977642753572,6.730791298696154,4.863047476138572,-11.444855239893894,1.113891027474333,-1.6391169939253265
1.0866515657921048,6.677202103793667,5.058578606662087,-11.575903841711144,1.1228899750593675,-1.6479960976558752
1.094721272870744,6.61794176529382,5.265450021945455,-11.71275765567461,1.1306074002995052,-1.6567926366134769
1.101623860748509,6.55210738252632,5.48695411090651,-11.857873774159799,1.1371626371059513,-1.6655017465925277
1.1074157881890052,6.478559003130073,5.727006864390207,-12.014131873672698,1.1426155096493888,-1.6741089336400892
1.1120670144514722,6.396151446010706,5.989628534152911,-12.184573754449278,1.1469413752646593,-1.6825864477048809
1.1154273547267786,6.304623326823589,6.276712999391383,-12.371098751090653,1.1499990533742237,-1.6908884591654387
1.1172290734355803,6.206878673011649,6.582121440393326,-12.57084458285415,1.1515343683799657,-1.6989536592977803
1.1172704725681633,6.111480007758735,6.885211921163155,-12.772041212992672,1.1513589442037084,-1.7067410396881313
1.1157493540125745,6.0285122949819305,7.161875985052109,-12.960573431294597,1.149671372472668,-1.7142907028675523
1.1131448340530188,5.9614349133586915,7.405715314001396,-13.133092690756685,1.1469392746533649,-1.7216966417691368
1.1098346949667819,5.908966640462443,7.622544573656335,-13.293794206781294,1.1435294163774385,-1.7290281242799044
1.106050040944583,5.869361254894695,7.819187369734725,-13.447566498512547,1.1396657519686648,-1.73631692185823
1.1019569929015205,5.841526728566315,8.000752883236467,-13.598326166428873,1.1355091958865107,-1.7435695839092684
1.0977154251052605,5.825003228441095,8.17081458596532,-13.749129381215605,1.1312145527814153,-1.7507747293978415
1.093514383257574,5.819793823092507,8.331881153115969,-13.902449323356352,1.1269646963760278,-1.7579055870068536
1.0895930056877599,5.826212079079455,8.485739747886122,-14.060352603426143,1.1229906423467637,-1.7649213723577508
1.0862445848811046,5.844740739099479,8.633673347363427,-14.22456411947104,1.1195752627491444,-1.7717710016786123
1.0837930632417017,5.875874494349253,8.77659661107722,-14.396434957014776,1.1170303322637687,-1.7784029161870558
1.082531893197504,5.919926853644478,8.915144958256562,-14.576827413711115,1.1156372543312973,-1.784783623200649
1.0826335011680852,5.976801940238012,9.049741028646624,-14.765944112983501,1.1155595437246355,-1.7909222702146836
1.0840704655621205,6.045767537901691,9.180657820868225,-14.963161726382898,1.116766874187319,-1.7968897455216757
1.0866043513564512,6.125304966111024,9.308096915552333,-15.166969579087098,1.1190247273935778,-1.8028167565720756
1.0898608185109337,6.213123055836995,9.432293681553752,-15.375115018762617,1.121967526061234,-1.8088654656200112
1.093447319480676,6.3063738004802286,9.553636783702162,-15.584974119863363,1.1252129188661824,-1.815187585562186
1.097049790411955,6.402005403620908,9.672757299102043,-15.79402441278774,1.1284556281617502,-1.8218898186162928
1.100478404908243,6.49711154192809,9.790541839535129,-16.00022024377869,1.1315117712267544,-1.8290185988136531
1.103671011113443,6.589158928611684,9.9080676185068,-16.202149155627236,1.1343218828603672,-1.836562137319166
1.106673956943453,6.6760702905109,10.02650245829856,-16.398997320470716,1.1369317364892448,-1.8444613771492588
1.1096110890960416,6.756212064002329,10.147018210022594,-16.590430811388075,1.1394616025025643,-1.8526238468187783
1.1126426802007026,6.828344868240956,10.270741815423632,-16.7764798890403,1.1420659717716621,-1.8609390262966703
1.115918177720464,6.891568778022875,10.398745195236106,-16.95746083768525,1.1448878345680593,-1.8692950346095127
1.11953634518289,6.9452699490673035,10.532066675739141,-17.133934681334182,1.148020702620647,-1.877593895088608
1.123528776398653,6.9890633018524015,10.671757709837742,-17.306691169997073,1.1514934875268772,-1.885760709895387
1.1278701454530378,7.022726162542073,10.818950985072945,-17.476748774471883,1.1552809934147972,-1.8937444185144556
1.1325030379628966,7.046122978433332,10.97494764923558,-17.645367971962475,1.159328042272027,-1.901512283009551
1.1373617902986435,7.059124656925077,11.141324395847525,-17.8140814850673,1.1635723120120385,-1.909042260838209
1.1423869146274943,7.061525819170608,11.32006518763895,-17.9847492543151,1.1679580326957244,-1.9163162208836806
1.1475289942629807,7.052962582413991,11.513722393443608,-18.15964592883033,1.172439719321177,-1.923314954013978
1.152742972242579,7.032839667525005,11.725594493535917,-18.3415782811715,1.1769770817648217,-1.9300149485623506
1.1579705264522073,7.00030648741216,11.959828839470802,-18.533983692290768,1.1815193232557566,-1.9363874359181348
1.1630996377092682,6.954431075613333,12.221077132705975,-18.740790546873207,1.185969312738099,-1.9424030976062767
1.1678763288873406,6.895043191572394,12.512484525965139,-18.96529141991154,1.1901054374856563,-1.9480540198928797
1.1717525500079495,6.825273393380328,12.82929661301059,-19.206294360853285,1.193446505834165,-1.9534182537024594
1.1738485020350828,6.755439001889232,13.148890516394964,-19.45183642987944,1.195216554366055,-1.958758820911562
1.1735289986845647,6.699782293156439,13.439295945018397,-19.68400021855198,1.1948526152742474,-1.9644497141104877
1.1709420337114538,6.664546743380408,13.689444627487159,-19.897354966892205,1.1924824990299523,-1.9706858457792498
1.166453530371841,6.64888617748627,13.905548349745382,-20.096799556177935,1.1884269926100666,-1.9774992727109002
1.1602541195377325,6.650984594749678,14.09524718369936,-20.28790076821598,1.1828521881565393,-1.9849065291667414
1.1523679207563344,6.669645417861727,14.263872567600156,-20.47463735236776,1.1757768726182962,-1.9929520508203369
1.1426955537237886,6.704210633807949,14.414769219178767,-20.65957738950342,1.1671103349722287,-2.0017162495633185
1.1310208960529393,6.75428603563387,14.549925852057283,-20.844205987306772,1.1566582534465182,-2.0113240181441423
1.1169873927381964,6.81950630667435,14.670418013744579,-21.02912195232612,1.1441018365390794,-2.0219590138055943
1.1000537583312662,6.899358734428832,14.776697383678579,-21.214149284622493,1.1289590705490562,-2.0338822657566253
1.0794374511442502,6.993070544430577,14.868791743103365,-21.39842977056435,1.1105357212850977,-2.0474521332287483
1.0540526135297972,7.099570508166799,14.946452294713572,-21.580541257600007,1.0878722993621537,-2.0631427316895175
1.0224533882771323,7.2175287014545795,15.009258625256674,-21.758651653780205,1.0596969750619813,-2.081555887913392
0.982820937806843,7.345453140023875,15.056674151373667,-21.93067581549995,1.0244187332461563,-2.10340931036098
0.9331152362995244,7.481780098036306,15.088044374109332,-22.09436378539764,0.9802679754367317,-2.1294475615169306
0.8716901857318188,7.6248403275946295,15.102561461023502,-22.24723534113675,0.9258466296728066,-2.1601506670226573
0.7988528204467391,7.772550047685544,15.099299580940187,-22.38633691424057,0.8615033144572807,-2.1950625381047093
0.7192692565198796,7.921869974298283,15.077519393830956,-22.508077625213662,0.7914251320461669,-2.2318703389998156
0.6424562230262574,8.068807733981435,15.03728854103371,-22.60889428042498,0.7240000185705873,-2.26649685344829
0.5777122438763995,8.209822670928446,14.979862447348703,-22.686897813673593,0.6673131139956314,-2.2954924083342045
0.5284145890563358,8.343184134604126,14.90720368718359,-22.74253225499196,0.62420295919324,-2.318147697151135
0.49282969773498164,8.468695708601544,14.8211723290254,-22.777469306764228,0.5930638987191935,-2.335650839598112
0.46767215586465194,8.586863208135245,14.723207225654594,-22.793569905541474,0.5709832718218858,-2.3494972658724294
0.4500050457397508,8.6984454764925,14.61439175829945,-22.79257812523542,0.5553845105876695,-2.360851089332874
0.4376511400905793,8.804311690556224,14.49555401714353,-22.776104354165454,0.54436849390934,-2.3705058486562196
0.4290926008455604,8.905399348704428,14.367297050933152,-22.74561697315947,0.5366164478472677,-2.3789864740849866
0.4232915019217381,9.002691560146992,14.229978130480726,-22.702396144574575,0.5312291210995796,-2.386642723159755
0.4195425943029194,9.097200160792154,14.083667149347852,-22.64747143980016,0.5275966595811087,-2.3937126917458738
0.4173702501371544,9.189958680106464,13.928099641433148,-22.58156390809554,0.525308104342616,-2.4003632077310706
0.4164605415577563,9.282028469417698,13.76262820534582,-22.505039593883428,0.5240919279673932,-2.4067155766288355
0.4166186764218442,9.374516368375676,13.586173887458969,-22.417873904878448,0.5237787473547517,-2.4128626287581385
0.4177449964046077,9.468595035636238,13.397191172968391,-22.319630754177442,0.5242800946652549,-2.418880927325167
0.41982553813527834,9.565501209324658,13.19370188442274,-22.2094858402815,0.5255796034959448,-2.4248407657758366
0.42293437026585834,9.666445965936,12.973565746630845,-22.086394736520738,0.5277340385387391,-2.4308157708866776
0.42724130016372075,9.772276665129342,12.735411002556026,-21.949670381458763,0.5308786095159831,-2.436892220024965
0.4330012978692152,9.882609922358244,12.480972647781694,-21.800451099737245,0.5352168236185423,-2.44317152480072
0.44046859877163913,9.994459941233975,12.218762870820097,-21.644053563220407,0.5409481537128178,-2.4497418089071163
0.449717425006142,10.102175859125754,11.964192255770163,-21.490182427475496,0.548120463635054,-2.45659258327619
0.46059010086269236,10.201008032209868,11.729979604897641,-21.34700108012458,0.5565902766359353,-2.4635517429161475
0.4729149871914784,10.289964100679168,11.518607120396997,-21.216287096900526,0.5662040107712379,-2.4703698986050115
0.4866575268855703,10.370259120953868,11.326591119328652,-21.095987062334565,0.5769206977692588,-2.476824025348526
0.5019054223098777,10.44341874056955,11.149580118482382,-20.983403699559094,0.588797821035887,-2.48272894538183
0.5188298941637708,10.510674860441195,10.983960822964457,-20.87623141862163,0.6019581772815268,-2.4879134587052842
0.5376681477758549,10.572921288098705,10.826971584752112,-20.772650775993053,0.6165743935152248,-2.4921984818249343
0.5587215607817637,10.630786957820932,10.676511176087677,-20.671224590522787,0.6328662336800651,-2.4953801658457273
0.5823626109296527,10.684712309510035,10.530950534336883,-20.570793965195943,0.6511047943322543,-2.4972147974431076
0.6090469805105394,10.735012711223336,10.388995988991557,-20.470409864127625,0.6716205745811292,-2.497402982781347
0.6393283787504978,10.781934321693022,10.249599017953035,-20.369302309201913,0.6948133812040368,-2.49557180774937
0.6738720380280414,10.82571099521532,10.111902068251016,-20.266885994140964,0.7211608944994865,-2.4912552371025063
0.7134570317383558,10.86662903987646,9.975212972372134,-20.162801556128716,0.7512184057752591,-2.483876399414232
0.7589431691165107,10.905099422767076,9.839002490267635,-20.05698548113271,0.7855915764050754,-2.472743712028852
0.8111478048309513,10.941717993264024,9.702916706339725,-19.949738037494342,0.8248417258342796,-2.457091734136827
0.8705308584443765,10.977257715946143,9.566785606423803,-19.841709407970548,0.8692492239973165,-2.436231851411547
0.9365803791375951,11.012505847356975,9.430594725480177,-19.73367940985542,0.9183588335487108,-2.409903486930086
1.0070419709119203,11.047942224252026,9.294393610289879,-19.626110127382404,0.9704208195798649,-2.3788100326954518
1.0777995010296475,11.083555954497534,9.15818332761592,-19.518850500471302,1.0223305610372757,-2.344926129288115
1.1442909600687945,11.119197482742443,9.021898938353061,-19.41153932404727,1.0707049422326116,-2.3109280797300173
1.203505162897493,11.155144441299884,8.88548854026474,-19.30432980058205,1.113359978643937,-2.2790116654938255
1.2545913213801754,11.192155613504921,8.748920016233722,-19.19795634310823,1.14973511346764,-2.250260461085209
1.2981068123329365,11.231098966458884,8.61208254874426,-19.093218411075387,1.1803109457852583,-2.2248565936182163
1.3351314217907462,11.272659036814515,8.47470503704794,-18.99057041892986,1.2059423309023898,-2.202532795528717
1.366777843703677,11.31727347457479,8.336339910568269,-18.890030753637735,1.2274947323740888,-2.1828797646421685
1.394014575908222,11.365196822592692,8.196379832890765,-18.79126372252029,1.2457155115276675,-2.1654872183071436
1.4176336854766642,11.416591236669419,8.054072756108884,-18.693689814967065,1.2612129742735623,-2.1499926916854606
1.4382683745797784,11.47160294570413,7.908520668813502,-18.59656480951769,1.2744718024641948,-2.1360912614975662
1.456421480447175,11.530418530134071,7.758658939605695,-18.4990181653067,1.285875975029223,-2.123531529911813
1.472491826790094,11.593307082706946,7.603216443843858,-18.40005730703571,1.2957296203546331,-2.1121081438366196
1.4867949387900243,11.660655603763143,7.440657179639316,-18.298546322866045,1.3042733840405722,-2.1016547162015775
1.4995775416917017,11.733002171190465,7.269106662221261,-18.19316728132246,1.3116960452355448,-2.092038678576027
1.5110255515389979,11.811064955939997,7.086278199938279,-18.082377590755012,1.318141340831401,-2.0831590755971257
1.5212643374070929,11.895749280751218,6.889452775509556,-17.964399288647872,1.323709324003054,-2.0749487931644777
1.530348434394879,11.98807337061285,6.675675746252432,-17.837343174587012,1.3284504974450286,-2.0673839310129973
1.5382375016228755,12.088855953950716,6.442595929485236,-17.699732761821195,1.3323506787457169,-2.060503902447197
1.5447656901613478,12.197868845144189,6.190753618948535,-17.551927557735787,1.33531137760922,-2.0544397865445894
1.5496574608867981,12.312392635044109,5.927499084489471,-17.39855156543917,1.337160739354479,-2.0494156379555504
1.5526958290033608,12.426861071775784,5.668013501933814,-17.24910871613695,1.337765028847887,-2.0456386435723153
1.5539478557520765,12.536226646975578,5.426328170421125,-17.112410921071056,1.3371776574864787,-2.0431222484066494
1.5536798926677333,12.639204615448877,5.206641162224996,-16.991251333725767,1.3355830694091662,-2.0417178878765787
1.5521091520525223,12.737026192574683,5.006638778508507,-16.884502145188915,1.3331328651276468,-2.0412907764705293
1.5493188464808516,12.831474169699197,4.822730817650699,-16.7903486560196,1.3298905222038226,-2.041792780372533
1.5452701291898585,12.924186786611154,4.651917563036568,-16.707435201306918,1.3258403391638969,-2.0432615513806525
1.539815958889134,13.016575458757064,4.49203391041025,-16.635017525581468,1.3208978687184272,-2.0458140433142145
1.5326964255671531,13.109884807127681,4.3416165344010675,-16.57288684756719,1.31490851145112,-2.049651860479839
1.5235142837239168,13.205260403525648,4.199741662173816,-16.521274084684155,1.3076337746878905,-2.0550806863622926
1.5116885373982416,13.303797254595427,4.0658939911503715,-16.480765932098457,1.2987242720067507,-2.062545945303231
1.496379892083149,13.406566858584188,3.939861510552533,-16.452224261992033,1.287676146578561,-2.072689464488712
1.4763776198674818,13.514626570321356,3.8216408778313466,-16.436696031690385,1.273765206710347,-2.0864346970570877
1.4499347269713758,13.62901962597925,3.7113419458560966,-16.435309061526635,1.2559518901310098,-2.1051091930282304
1.4145460605939522,13.750780140326087,3.609090413915977,-16.44916511845819,1.2327556959721766,-2.130604968172366
1.36671886594941,13.880954183079524,3.514944281214249,-16.479256465147696,1.2021321569013494,-2.165530652952126
1.3020188797637466,14.02059228147095,3.428863777551036,-16.526408211754326,1.1615265858655348,-2.213121677142782
1.2164400218905866,14.170442665700435,3.350804004938404,-16.591083822309894,1.1087286540681232,-2.276085660561384
1.111507122318403,14.329630006159976,3.280970943846975,-16.672492949181663,1.0449107901113497,-2.3525954051979543
1.0023693007794898,14.493461876342206,3.2198295703908233,-16.766792346348893,0.979232403655917,-2.430389967811956
0.9117358465409698,14.655166665835786,3.1668652084107696,-16.867555180625153,0.9248819349508806,-2.4924511270562864
0.8482018427660055,14.811448351046883,3.119849991726833,-16.969748209925342,0.886467499338205,-2.5336633063357215
0.8070600150971352,14.962182687935146,3.076383769963624,-17.07078592560013,0.8609707365712371,-2.5586860986397237
0.7816954741763906,15.107923356275412,3.034708085842195,-17.169252279331076,0.8444492242920276,-2.5728435762399418
0.7673121643724861,15.249065192459366,2.993580645407485,-17.264120971238835,0.8340967152987085,-2.5797072783655155
0.7608744763327869,15.385785303978437,2.952075752443663,-17.354517903013956,0.8281505012334174,-2.5814226814303813
0.7605205431028054,15.518123785040258,2.909468630050972,-17.43967355802015,0.8255304126303908,-2.5792515641573326
0.7651241091087597,15.646056327192204,2.8651759569489457,-17.51892380610845,0.8255783903736506,-2.5739251633819347
0.7740262789211466,15.769542897143616,2.8187252083235146,-17.59171991988836,0.8279011273447405,-2.5658450501281176
0.7868772589752577,15.888558772067471,2.7697382658325473,-17.6576384361884,0.83227780075371,-2.5551951129330055
0.8035421297955658,16.003114444613747,2.717921750174132,-17.716388516594726,0.8386052606639361,-2.54200461260274
0.8240425353122223,16.11326833702817,2.6630597409824266,-17.767815512347028,0.8468641567682016,-2.526184653047957
0.8485170887479434,16.219134177607458,2.605006130729913,-17.811899245799314,0.8570961236160584,-2.507550964965639
0.877188665576492,16.320883571280156,2.54367489322142,-17.848745396479938,0.8693854632843039,-2.485841602711803
0.9103286304940899,16.41874359463969,2.479027528874015,-17.878568710709917,0.8838400700114387,-2.4607369067792293
0.9482080094010628,16.512989033508337,2.4110580756564626,-17.901667641569883,0.9005665687445179,-2.431889642156707
0.9910254871124097,16.603929117165663,2.3397773544120684,-17.918391495147212,0.9196347527094203,-2.3989743525961695
1.03880501477112,16.691889417685523,2.265199355712785,-17.92910327807514,0.941027943536295,-2.3617643964134363
1.0912667962106997,16.777191307743717,2.1873333259130945,-17.934144251496562,0.9645812744827875,-2.32023862830896
1.1476991951080049,16.86013414839878,2.1061841053540755,-17.933809067535154,0.9899213127950843,-2.274702102213877
1.2068911536964069,16.94098794744997,2.0217594586859104,-17.928340786781277,1.0164356535261403,-2.225876913383561
1.2671989207792247,17.020002893168115,1.934077209357316,-17.91794885320644,1.043307613851898,-2.174898232975408
1.3267779009686635,17.09743367162239,1.8431616092638423,-17.902839524766236,1.0696302324704503,-2.123171529744578
1.383911099640717,17.173565455529534,1.7490231070119324,-17.883237084796512,1.0945660474987318,-2.0721224463732253
1.4372912398081585,17.24872703758175,1.6516262870702247,-17.859379096282932,1.117483576400262,-2.022945876913708
1.4861459994537092,17.323287984427676,1.550856943508165,-17.831487560802152,1.1380171773725272,-1.9764583319604292
1.5302011257768084,17.397648202654512,1.446496014732325,-17.799731346854827,1.1560478215570251,-1.9330821875271862
1.5695519349270373,17.472229665191048,1.3382011351949488,-17.76419378149837,1.1716390561234817,-1.892919971813959
1.604518764549888,17.547474798601236,1.225492435790325,-17.724850388718707,1.1849650935103504,-1.8558589957335994
1.6355290779666996,17.62385134309825,1.1077390602459898,-17.681555213729194,1.1962520804519383,-1.8216660618848337
1.6630373672200065,17.701861449008774,0.9841451702001898,-17.634032747929034,1.2057381561474587,-1.7900570597251753
1.6874773662571687,17.782051833962687,0.8537384842810231,-17.581874925632505,1.2136496548956794,-1.7607418963544559
1.709236250089296,17.8650198859665,0.7153722971207188,-17.52454836668577,1.2201883499361252,-1.7334512499271792
1.7286412361302625,17.95140551280675,0.5677677654784796,-17.46142776736051,1.2255249647910922,-1.7079523632868936
1.7459514036411525,18.041847671793665,0.4096540654554167,-17.39189123253895,1.229795362392643,-1.6840598321680582
1.7613505246887144,18.136866537298808,0.2401136713749892,-17.315544858265167,1.2330973047788882,-1.6616452298758182
1.7749417022772707,18.236619127739427,0.05927618234644083,-17.23266701099208,1.2354881411629073,-1.6406453283301934
1.7867545890775927,18.340527505204207,-0.13063542586881527,-17.14487616499547,1.236988641082017,-1.6210598480231082
1.7967867322767346,18.447009112947658,-0.3245314781954038,-17.055632457671233,1.2376033701729199,-1.602918995951916
1.8050818582633545,18.553824904089772,-0.5153684394603828,-16.96968538099264,1.2373588130686988,-1.5862151485310494
1.8117818431386896,18.659122560312092,-0.6969829130985337,-16.891307027719183,1.2363284765852323,-1.5708520965634483
1.8170880942633272,18.7621871655179,-0.8661727726057131,-16.82297395683094,1.2346140761007753,-1.5566731202669046
1.8211830421504094,18.86327823094066,-1.0223045243875206,-16.76558865906133,1.2323076693594621,-1.5435290873065117
1.8241865852825014,18.963116098664127,-1.165942534192444,-16.719323693320725,1.2294709204426897,-1.5313193186509777
1.826149575581342,19.062532781660025,-1.2979032262897892,-16.684210727229736,1.226132332150732,-1.5199999107374462
1.827060013075485,19.162322195259744,-1.4188484818127791,-16.660394474381803,1.2222906192122736,-1.5095798501584092
1.8268488567037937,19.263190684309237,-1.5291626586532894,-16.648205261566602,1.2179179112936764,-1.5001166908664987
1.8253922848858297,19.36574160403805,-1.62894064596185,-16.64815502505166,1.2129612910635397,-1.4917149509541963
1.8225109345099755,19.47046483468749,-1.7180123121489472,-16.66090165293332,1.2073429516850762,-1.4845269978460012
1.8179678903890963,19.577720363995184,-1.7959766463127478,-16.687197351128294,1.2009598415238596,-1.4787549933326216
1.8114682137760638,19.68771255558766,-1.8622373335766702,-16.7278260074211,1.1936841202203965,-1.4746515250927072
1.8026645060738848,19.800454734751373,-1.9160373432985978,-16.783531958161873,1.1853665037664043,-1.4725150373650888
1.7911758114160585,19.915724901827048,-1.9564912390157332,-16.85494296102724,1.1758457920444714,-1.4726737335319038
1.776630858243517,20.033013703958012,-1.9826139824710767,-16.942490890041018,1.1649694087993947,-1.4754484632427465
1.7587491875286478,20.15146625229675,-1.993346208026503,-17.046333360132717,1.1526306520863845,-1.4810830214402693
1.7374689088993271,20.269822365986336,-1.9875798158391655,-17.166278636967753,1.1388257192250608,-1.4896346160318474
1.7131063385963887,20.386369379936408,-1.9641939278718592,-17.301718358178434,1.1237225285816814,-1.5008375637721132
1.6864841722012853,20.498939035482042,-1.9221141170244065,-17.4515838354662,1.1077117618529226,-1.5139945878579044
1.6589204243979236,20.604992313231392,-1.860394483375937,-17.614362788824778,1.0913926480159355,-1.5279868757659594
1.6320106045512819,20.701813167962293,-1.7782856803847835,-17.78822550308565,1.0754674612615687,-1.5414583799286627
1.6072939480147632,20.786764814083348,-1.6752204501711945,-17.97128038261147,1.0605905441696126,-1.5530958748781447
1.5860181190016316,20.857508499305386,-1.550670223668377,-18.161914071390022,1.047268215820968,-1.5618249638763226
1.5691278847837653,20.91210693260222,-1.403888173360852,-18.35913498788564,1.0358605386419015,-1.5668196296838295
1.55740179759995,20.948999678801727,-1.2335820243444302,-18.562869641900953,1.0266467521586042,-1.5673898073146952
1.5515639449736978,20.966878742576455,-1.0375369655616427,-18.77421745814916,1.019878840485485,-1.5628875695594093
1.552246891978207,20.964504515490848,-0.8121926002015727,-18.995696644145628,1.0157734593033414,-1.5527291430151386
1.559822724201088,20.940531805349107,-0.552266507455254,-19.231460236341327,1.014451796356865,-1.536515936879777
1.5742472925673983,20.893603983797686,-0.25103292342047906,-19.487139621526126,1.0158860201579094,-1.5141386117374658
1.5948971050208043,20.823777104820568,0.09605624128757784,-19.76766917595448,1.019841118976735,-1.4858957252341756
1.6197891598154286,20.738115195773812,0.4770697820489181,-20.06842884810843,1.025561583444612,-1.4531919823350703
1.6443595023646358,20.658147633672158,0.8444200979932441,-20.362928200730558,1.0312528364867553,-1.4198211061673225
1.6645862613427234,20.603501630425303,1.1564155422015536,-20.627950355611517,1.0352862806792715,-1.3895548577786312
1.6803456427137242,20.574602845488698,1.4187775152843605,-20.868953904424195,1.0375694483903957,-1.3628693310762543
1.6925436399009828,20.56739619602032,1.6462185171045765,-21.09637387103071,1.0384305677860834,-1.3391726013858816
1.7017715315844466,20.579320253919548,1.848526054561349,-21.31732441349963,1.0380772848299769,-1.3180519316223915
1.7082605077856257,20.609081854616175,2.0316939992684557,-21.536399862310795,1.0365712205347153,-1.2993686346145534
1.711964284895377,20.65603944407128,2.1995090368311128,-21.756622643720654,1.033856317320671,-1.2832054966001434
1.7126392603022116,20.719751808938135,2.3544697725213486,-21.97991261854703,1.0297894444081226,-1.269803053133511
1.7099748244614852,20.799623879873515,2.4983253725725474,-22.20728715001768,1.0241978148216806,-1.2594505766021875
1.7038585743708208,20.894597301964435,2.6324506346570087,-22.438957593168755,1.0170037123183255,-1.2522681177452493
1.6947913380935598,21.00290141630118,2.7581626996615793,-22.67444076134374,1.0084247509287723,-1.2478726411979117
1.6841802178536336,21.121975702228866,2.876977039007983,-22.912774965636064,0.9991191054282357,-1.2451470977739665
1.6740022221757098,21.248699516215822,2.990716695270988,-23.15285619760245,0.9900272983088811,-1.2425078599935189
1.6659176635317232,21.379824001084348,3.101444574827813,-23.393753864967604,0.9819433502679408,-1.238596507654202
1.6607132457183011,21.51226052005983,3.2113248732654363,-23.634811987429117,0.9752414341230862,-1.2327063715564397
1.6584291723843911,21.64309097227536,3.322498620261311,-23.87551750742658,0.9699346192529495,-1.2246806111677848
1.6587202039619273,21.769450677925438,3.4369616711609337,-24.115260777462332,0.965849659109767,-1.214638534693048
1.6610935609342468,21.88844622458025,3.5564385343702303,-24.3531222573124,0.9627437430780289,-1.2028042645029693
1.6649916246518481,21.99719258919528,3.6822858752520444,-24.587794684438702,0.9603464769683597,-1.1894599426064418
1.669798966324341,22.092990191386225,3.815464593543503,-24.81770358402408,0.9583646198099633,-1.1749598982484035
1.6748520462020384,22.173592300193253,3.9565967702542197,-25.041305848765166,0.9564863146599287,-1.1597400452918305
1.679505338189449,22.237452629890427,4.106092623689069,-25.25745712681441,0.954410041200516,-1.1442741357571848
1.683255728852412,22.283839791978956,4.264312888120917,-25.46570650228707,0.9519002784343338,-1.1289723691008051
1.68585553428882,22.31276829950865,4.431738809046546,-25.66643092549203,0.9488392534830783,-1.1140796091306855
1.6873296101757287,22.324776767656722,4.609143699028971,-25.8608168984049,0.945236037507947,-1.0996453777630317
1.687891876500883,22.320631584917347,4.7977722097629005,-26.05076324702334,0.941189492223755,-1.0855747540889
1.6878339441160355,22.301032978675213,4.999537575563018,-26.23879202207105,0.9368374589855076,-1.0717063406869742
1.6874504657708835,22.266365692328044,5.21725465200366,-26.428031700045207,0.9323221935838035,-1.0578674614473527
1.6870172149269236,22.216503904362565,5.454918271967084,-26.622294364714843,0.9277803739859807,-1.0438939403872936
1.6868122681323479,22.15069609531514,5.717938293430635,-26.82618224403987,0.9233543163984387,-1.029623384206367
1.6871741831061526,22.067714658029743,6.012808825195085,-27.044876637691956,0.9192230083465283,-1.0148731148975036
1.6885971285199017,21.967023803727688,6.344181213646786,-27.282310126280198,0.9156548827262513,-0.9994175852731071
1.691796683124111,21.852775093765587,6.704471956993977,-27.534651924815833,0.9130488941656786,-0.983018393235166
1.697420998577653,21.73905707787288,7.0600892536279485,-27.78181924668978,0.9117834534494218,-0.965602703035727
1.7054218499374862,21.64053701699047,7.376184462937671,-28.003428081626797,0.9118575281221698,-0.9473418620804765
1.7154132401632962,21.558733590796624,7.6519846843066786,-28.20053464824966,0.9130646699321754,-0.9283126109211071
1.7272693958147076,21.49009346683644,7.899037113122002,-28.381436779029023,0.9153320506960234,-0.9084138376097163
1.7410818038703815,21.431774531542796,8.126599022652881,-28.552727912368915,0.9187065654211957,-0.8874727549729496
1.75704151632106,21.38206119579476,8.340964296311617,-28.7190854708934,0.923291211211343,-0.8652959083573208
1.7753591490822263,21.340010714811708,8.546547029011295,-28.884033415815995,0.9292003140501197,-0.8417019758893208
1.7961775952425643,21.30515834221898,8.74663844751782,-29.05041898345438,0.9365102995853035,-0.8165703108391149
1.8194489330799577,21.277271862324927,8.943820211553726,-29.22058693605748,0.9451903261694111,-0.7899195252095988
1.844785089624572,21.25605713490877,9.140139801167404,-29.396266887646913,0.9550181920488844,-0.7620064486990716
1.871372039372432,21.240716358102965,9.337105862709127,-29.578143322417606,0.9655319389588168,-0.7333805812470464
1.898129903377792,21.22935525734955,9.535572406001844,-29.765182919271457,0.9761195342815991,-0.7047633108023169
1.9242110750963135,21.21856674201882,9.735707008929866,-29.954232691232523,0.9862983061964634,-0.6766862454301814
1.9495119748057732,21.203891472152772,9.937351793255468,-30.1408525656434,0.9960021966908386,-0.649127589565504
1.974690163162316,21.18127957064299,10.140755325050687,-30.32145072966676,1.0055920445240538,-0.6215195206538314
2.0007807891958116,21.148294043327276,10.347092884740297,-30.494932402816143,1.0156413398598592,-0.593045715708186
2.0289205441046767,21.104051950490923,10.558468191640955,-30.662622295666317,1.026781404161149,-0.5628407901984317
2.0603425579817043,21.048421941500738,10.777737532431507,-30.82731310994788,1.0396975424267532,-0.5299761054907326
2.09653573901188,20.981269747578516,11.008505397052442,-30.9925421104888,1.0552172689700607,-0.49332212775560486
2.1395092048759197,20.901954543530085,11.255399785799433,-31.162392043816865,1.074457956589132,-0.45133259794543756
2.192201765573587,20.808940706057957,11.524676625806507,-31.341735238454483,1.0990569198614566,-0.40171263850783717
2.2591356920400325,20.699344564377757,11.825262337646556,-31.536860795686692,1.1315414599892042,-0.34088048783677777
2.347338953802841,20.56834401223519,12.170241574199384,-31.75643294490372,1.1758589392521788,-0.263175457359622
2.466520280085831,20.409191448086176,12.577037992693935,-32.01176548594261,1.2375179503193874,-0.1605468584150177
